Workbook

Sheet README
A1: بخش | B1: توضیح
A2: هدف فایل | B2: دیتاست آموزشی فصل ۳ فرآوری (جدایش مغناطیسی LIMS/WHIMS، فلوتاسیون معکوس، تیکنر، فیلتراسیون و کیک فیلتر) برای آموزش کنترل کیفیت، SPC، موازنه جرم و فلز، و تحلیل داده در Excel، Minitab، Python و Power BI.
A3: مصنوعی بودن داده | B3: تمام داده‌ها مصنوعی، تصادفی اما مهندسی‌شده (seed تکرارپذیر) تولید شده‌اند و روابط واقع‌گرایانه بین متغیرها دارند. این داده‌ها به هیچ وجه داده واقعی کارخانه نیستند و نباید برای ارزیابی عملکرد کارخانه یا تصمیم‌گیری صنعتی استفاده شوند.
A4: دامنه کاربرد آموزشی | B4: آموزش نمودارهای کنترلی (I-MR)، تحلیل قابلیت فرآیند، عیب‌یابی چندمتغیره رخدادها، ساخت داشبورد Power BI، تمرین موازنه جرم/فلز و آموزش محاسبه Yield و Recovery.
A5: تعریف شیت Process_Data | B5: ثبت‌های هر ۲ ساعت به مدت ۳۰ روز (۳۶۰ ردیف): متغیرهای خوراک، LIMS/WHIMS، فلوتاسیون و کیفیت آب. ستون‌های خالی در هر مدار عملیاتی به معنی غیرفعال بودن آن واحد در آن مدار است.
A6: تعریف شیت Dewatering_Balance | B6: هم‌تراز ردیف‌به‌ردیف با Process_Data از طریق Record_ID: متغیرهای تیکنر و فیلتر، جریان‌های خشک، عیارها و KPIهای موازنه با فرمول Excel زنده.
A7: تعریف شیت Calculations | B7: روابط Yield، Recovery و خطاهای موازنه، فرمول‌های Excel قابل کپی برای کل داده، نمونه محاسبه و کنترل‌های منطقی.
A8: تعریف شیت SPC_Sample | B8: زیرمجموعه تمیز ۱۲۰ ردیفه (فقط Quality_Flag=OK) برای نمودار I-MR رطوبت کیک و نمودار کنترل کدورت اورفلو و آهن باطله، به‌همراه Target/LSL/USL آموزشی.
A9: تعریف شیت Dashboard_Data | B9: خلاصه روزانه/شیفت‌بندی ۹۰ ردیفی شاخص‌های کلیدی؛ مناسب مدل ستاره‌ای Power BI با کلید Date+Shift.
A10: تعریف شیت Minitab_Import | B10: نسخه عددی تمیز ۱۲۰ ردیفه بدون ستون متنی، آماده Paste یا Import در Minitab.
A11: نکات Excel | B11: ردیف اول هر شیت Header است؛ از View > Freeze Panes و Data > Filter استفاده کنید. فرمول‌های KPI در شیت Dewatering_Balance زنده‌اند و با تغییر داده به‌روز می‌شوند.
A12: نکات Minitab | B12: ستون‌های شیت Minitab_Import را Copy و در Minitab Paste یا از مسیر File > Import استفاده کنید؛ نام ستون‌ها انگلیسی استاندارد است.
... A16: رفتارهای آموزشی نهفته | B16: شش رخداد علت ویژه در داده تعبیه شده است (افزایش اسلایم، گرفتگی ماتریکس WHIMS، اختلال فلوکولانت/تیکنر، افت وکیوم/گرفتگی پارچه، تغییر کیفیت آب، خطای موازنه آموزشی) بدون ستون Root_Cause؛ کیفیت از روی متغیرها قابل تشخیص است.

Sheet Data_Dictionary
A1: Column | B1: تعریف | C1: واحد | D1: نوع داده | E1: محل اندازه‌گیری | F1: نقش | G1: رابطه مورد انتظار با خروجی‌ها
A2: Record_ID | B2: شناسه یکتای ردیف | C2: - | D2: integer | E2: پایگاه داده فرآیند | F2: شناسه | G2: کلید اتصال با Process_Data و Dewatering_Balance
A3: DateTime | B3: تاریخ و زمان ثبت (هر ۲ ساعت، استاندارد ISO) | C3: - | D3: text | E3: اتوماسیون/SCADA | F3: زمان‌بندی | G3: مبنای تحلیل سری زمانی؛ مستقیماً در Power BI/Python قابل تبدیل است
A4: Shift | B4: شیفت کاری (A=00-08، B=08-16، C=16-24) | C4: - | D4: text | E4: گزارش شیفت | F4: دسته‌بندی | G4: مقایسه عملکرد بین شیفت‌ها
A5: Ore_Blend | B5: نوع خوراک ورودی کارخانه | C5: - | D5: text | E5: انباشت و برداشت | F5: علت‌یابی | G5: تغییر ترکیب خوراک روی عیار و بازیابی اثر دارد
A6: Circuit_Mode | B6: آرایش مدار جدایش (LIMS / LIMS_WHIMS / LIMS_Flotation) | C6: - | D6: text | E6: پانل کنترل مرکزی | F6: شرایط مدار | G6: تغییر رژیم فرآیندی؛ تعیین‌کننده ستون‌های فعال داده
A7: Feed_Wet_tph | B7: دبی جرمی تر خوراک ورودی | C7: t/h | D7: number | E7: توزین‌کننده نوار خوراک | F7: متغیر فرآیند | G7: افزایش بار هیدرولیکی تیکنر و فیلتر را در پی دارد
A8: Feed_Solids_pct | B8: درصد جامد پالپ خوراک ورودی | C8: % | D8: number | E8: دانسیته‌سنج خط خوراک | F8: علت‌یابی | G8: درصد جامد بالا → حمل مکانیکی گانگ در LIMS و افت عیار کنسانتره
A9: Feed_Moisture_pct | B9: درصد رطوبت خوراک (100 منهای Feed_Solids_pct) | C9: % | D9: number | E9: محاسبه‌شده | F9: متغیر فرآیند | G9: مبنای تبدیل جریان تر به خشک
A10: Feed_Fe_pct | B10: عیار آهن کل خوراک ورودی | C10: % | D10: number | E10: آنالایزر برخط / آزمایشگاه | F10: کیفیت خوراک | G10: مخرج محاسبه Fe_Recovery و Fe_Balance_Error
A11: Feed_SiO2_pct | B11: عیار سیلیس خوراک ورودی | C11: % | D11: number | E11: آزمایشگاه XRF | F11: کیفیت خوراک | G11: سیلیس بالا نیازمند معرف و میدان بیشتر است
A12: Feed_P80_um | B12: اندازه ۸۰٪ عبوری ذرات خوراک | C12: µm | D12: number | E12: PSI / آزمایشگاه دانه‌بندی | F12: علت‌یابی | G12: خارج از پنجره بهینه روی آزادی و اسلایم اثر می‌گذارد
... A52: Quality_Flag | B52: برچسب وضعیت کیفی دوره | C52: - | D52: text | E52: سیستم QC آموزشی | F52: برچسب | G52: OK / Slimes_High / Matrix_Blinding / Flocculant_Disturbance / Vacuum_Loss / Water_Quality / Balance_Check — برای آموزش عیب‌یابی بدون ستون Root_Cause

Sheet Process_Data
A1: Record_ID | B1: DateTime | C1: Shift | D1: Ore_Blend | E1: Circuit_Mode | F1: Feed_Wet_tph | G1: Feed_Solids_pct | H1: Feed_Moisture_pct | I1: Feed_Fe_pct | J1: Feed_SiO2_pct | K1: Feed_P80_um | L1: Feed_Slimes_pct | M1: Liberation_pct | N1: LIMS_Field_mT | O1: LIMS_Drum_Speed_rpm | P1: LIMS_Splitter_pct | Q1: WHIMS_Field_T | R1: Matrix_Condition_pct | S1: Matrix_Wash_Interval_h | T1: Flotation_pH | U1: Amine_Dose_gpt | V1: Starch_Dose_gpt | W1: Froth_Height_cm | X1: Air_Flow_Nm3_h | Y1: Process_Water_Hardness_mgL | Z1: Process_Water_Turbidity_NTU
A2: 1 | B2: 2026-09-01 00:00 | C2: A | D2: Blend_A | E2: LIMS | F2: 629 | G2: 32.8 | H2: 67.2 | I2: 37.76 | J2: 44.65 | K2: 104.3 | L2: 13 | M2: 83 | N2: 143 | O2: 22.1 | P2: 49.4 | Y2: 152 | Z2: 29.9
A3: 2 | B3: 2026-09-01 02:00 | C3: A | D3: Blend_A | E3: LIMS | F3: 592.3 | G3: 33.7 | H3: 66.3 | I3: 38.59 | J3: 43.84 | K3: 92.1 | L3: 10.4 | M3: 85.4 | N3: 145 | O3: 22.8 | P3: 45.7 | Y3: 239 | Z3: 38.2
A4: 3 | B4: 2026-09-01 04:00 | C4: A | D4: Blend_A | E4: LIMS | F4: 665.3 | G4: 34.1 | H4: 65.9 | I4: 37.98 | J4: 44.95 | K4: 100.2 | L4: 11.8 | M4: 87.7 | N4: 157 | O4: 21.1 | P4: 49.3 | Y4: 143 | Z4: 18.2
A5: 4 | B5: 2026-09-01 06:00 | C5: A | D5: Blend_A | E5: LIMS | F5: 574.3 | G5: 36 | H5: 64 | I5: 39.66 | J5: 42.44 | K5: 102.9 | L5: 10.6 | M5: 81.1 | N5: 148 | O5: 20.6 | P5: 53.2 | Y5: 226 | Z5: 15.2
A6: 5 | B6: 2026-09-01 08:00 | C6: B | D6: Blend_A | E6: LIMS | F6: 629.2 | G6: 34.3 | H6: 65.7 | I6: 37.71 | J6: 46.4 | K6: 103.2 | L6: 10.2 | M6: 81.4 | N6: 157 | O6: 23.9 | P6: 47.4 | Y6: 207 | Z6: 37.8
A7: 6 | B7: 2026-09-01 10:00 | C7: B | D7: Blend_A | E7: LIMS | F7: 572.7 | G7: 35.1 | H7: 64.9 | I7: 39.05 | J7: 42.94 | K7: 87.8 | L7: 10.7 | M7: 81.1 | N7: 172 | O7: 23.3 | P7: 47.6 | Y7: 206 | Z7: 39.5
A8: 7 | B8: 2026-09-01 12:00 | C8: B | D8: Blend_A | E8: LIMS | F8: 628.8 | G8: 32 | H8: 68 | I8: 37.91 | J8: 45.17 | K8: 85.1 | L8: 9.8 | M8: 85.5 | N8: 164 | O8: 21.9 | P8: 47.2 | Y8: 211 | Z8: 22.1
A9: 8 | B9: 2026-09-01 14:00 | C9: B | D9: Blend_A | E9: LIMS | F9: 614 | G9: 32.9 | H9: 67.1 | I9: 40.39 | J9: 42.77 | K9: 85.5 | L9: 12.2 | M9: 81.8 | N9: 173 | O9: 23.7 | P9: 54.1 | Y9: 177 | Z9: 15.5
A10: 9 | B10: 2026-09-01 16:00 | C10: C | D10: Blend_A | E10: LIMS | F10: 568.2 | G10: 34.3 | H10: 65.7 | I10: 41.01 | J10: 40.79 | K10: 98.9 | L10: 12.5 | M10: 83.6 | N10: 150 | O10: 22.9 | P10: 53.1 | Y10: 227 | Z10: 42.4
A11: 10 | B11: 2026-09-01 18:00 | C11: C | D11: Blend_A | E11: LIMS | F11: 554.9 | G11: 35.7 | H11: 64.3 | I11: 38.94 | J11: 45.11 | K11: 95.4 | L11: 12.8 | M11: 82.2 | N11: 162 | O11: 18.5 | P11: 45.5 | Y11: 193 | Z11: 31.2
A12: 11 | B12: 2026-09-01 20:00 | C12: C | D12: Blend_A | E12: LIMS | F12: 621.4 | G12: 35.2 | H12: 64.8 | I12: 40.14 | J12: 43.11 | K12: 104.1 | L12: 12.7 | M12: 85.5 | N12: 161 | O12: 20.5 | P12: 47.5 | Y12: 176 | Z12: 37.7
A13: 12 | B13: 2026-09-01 22:00 | C13: C | D13: Blend_A | E13: LIMS | F13: 631.4 | G13: 34.3 | H13: 65.7 | I13: 40.93 | J13: 41.1 | K13: 88.3 | L13: 9.4 | M13: 86.4 | N13: 141 | O13: 21.5 | P13: 54.4 | Y13: 198 | Z13: 26.6
... A81: 80 | B81: 2026-09-07 14:00 | C81: B | D81: Blend_A | E81: LIMS | F81: 636.9 | G81: 35.1 | H81: 64.9 | I81: 38.95 | J81: 43.94 | K81: 85.2 | L81: 19.7 | M81: 75.5 | N81: 161 | O81: 23.2 | P81: 52.2 | Y81: 152 | Z81: 42.1
A82: 81 | B82: 2026-09-07 16:00 | C82: C | D82: Blend_A | E82: LIMS | F82: 637.5 | G82: 33.2 | H82: 66.8 | I82: 38.73 | J82: 43.75 | K82: 93.9 | L82: 20.5 | M82: 74.9 | V82: 172 | W82: 32.5
A83: 82 | B83: 2026-09-07 18:00 | C83: C | D83: Blend_A | E83: LIMS | F83: 590.5 | G83: 35 | H83: 65 | I83: 39.92 | J83: 43.19 | K83: 89.4 | L83: 21.4 | M83: 72.7 | N83: 164 | O83: 18.8 | P83: 49.9 | Y83: 143 | Z83: 30.2
A84: 83 | B84: 2026-09-07 20:00 | C84: C | D84: Blend_A | E84: LIMS | F84: 677.9 | G84: 33.3 | H84: 66.7 | I84: 41.34 | J84: 41.21 | K84: 92.7 | L84: 18.2 | M84: 73.2 | N84: 145 | O84: 21.3 | P84: 50.4 | Y84: 216 | Z84: 40
A85: 84 | B85: 2026-09-07 22:00 | C85: C | D85: Blend_A | E85: LIMS | F85: 664.4 | G85: 34.8 | H85: 65.2 | I85: 39.78 | J85: 42.75 | K85: 89 | L85: 18.5 | M85: 70.2 | N85: 157 | O85: 21.3 | P85: 47.3 | Y85: 236 | Z85: 42.3
A86: 85 | B86: 2026-09-08 00:00 | C86: A | D86: Blend_B | E86: LIMS | F86: 587.2 | G86: 32.9 | H86: 67.1 | I86: 41.43 | J86: 40.79 | K86: 94.8 | L86: 11.9 | M86: 88.7 | N86: 174 | O86: 20.4 | P86: 53.3 | Y86: 216 | Z86: 32.2
A87: 86 | B87: 2026-09-08 02:00 | C87: A | D87: Blend_B | E87: LIMS | F87: 640 | G87: 32.6 | H87: 67.4 | I87: 39.56 | J87: 42.59 | K87: 90.6 | L87: 10.1 | M87: 89.6 | N87: 140 | O87: 24 | P87: 51.8 | Y87: 223 | Z87: 23.8
A88: 87 | B88: 2026-09-08 04:00 | C88: A | D88: Blend_B | E88: LIMS | F88: 595.3 | G88: 32.5 | H88: 67.5 | I88: 42.18 | J88: 40.88 | K88: 104.1 | L88: 11.6 | M88: 83 | N88: 143 | O88: 21 | P88: 52.9 | Y88: 211 | Z88: 16.5
A89: 88 | B89: 2026-09-08 06:00 | C89: A | D89: Blend_B | E89: LIMS | F89: 566 | G89: 36 | H89: 64 | I89: 40.46 | J89: 41.91 | K89: 97.5 | L89: 9.4 | M89: 86.8 | N89: 148 | O89: 22.3 | P89: 53.2 | Y89: 220 | Z89: 31.6
A90: 89 | B90: 2026-09-08 08:00 | C90: B | D90: Blend_B | E90: LIMS | F90: 659.1 | G90: 32 | H90: 68 | I90: 39.73 | J90: 43.58 | K90: 87 | L90: 10.8 | M90: 82.7 | N90: 169 | O90: 19.9 | P90: 52.9 | Y90: 229 | Z90: 28
A91: 90 | B91: 2026-09-08 10:00 | C91: B | D91: Blend_B | E91: LIMS | F91: 588.7 | G91: 32.5 | H91: 67.5 | I91: 41.77 | J91: 41.49 | K91: 92.2 | L91: 13.8 | M91: 85 | N91: 155 | O91: 20.7 | P91: 47.1 | Y91: 177 | Z91: 26.1
A92: 91 | B92: 2026-09-08 12:00 | C92: B | D92: Blend_B | E92: LIMS | F92: 633.8 | G92: 33.8 | H92: 66.2 | I92: 41.05 | J92: 40.35 | K92: 90.7 | L92: 10.8 | M92: 80.6 | N92: 144 | O92: 21.1 | P92: 47.7 | Y92: 224 | Z92: 15.4
A93: 92 | B93: 2026-09-08 14:00 | C93: B | D93: Blend_B | E93: LIMS | F93: 617.8 | G93: 36.4 | H93: 63.6 | I93: 38.52 | J93: 44.07 | K93: 101.1 | L93: 9.6 | M93: 82.7 | N93: 141 | O93: 19.8 | P93: 52.7 | Y93: 192 | Z93: 25.4
A94: 93 | B94: 2026-09-08 16:00 | C94: C | D94: Blend_B | E94: LIMS | F94: 647.2 | G94: 34.1 | H94: 65.9 | I94: 39.19 | J94: 42.74 | K94: 100.7 | L94: 14 | M94: 85.4 | N94: 174 | O94: 18.5 | P94: 48.7 | Y94: 163 | Z94: 20.9
... A109: 108 | B109: 2026-09-09 22:00 | C109: C | D109: Blend_A | E109: LIMS | F109: 603.3 | G109: 34.9 | H109: 65.1 | I109: 38.54 | J109: 45.57 | K109: 88.2 | L109: 9.4 | M109: 81.9 | N109: 163 | O109: 23.3 | P109: 53.1 | Y109: 209 | Z109: 18.3

Sheet Dewatering_Balance
A1: Record_ID | B1: Thickener_Flocculant_Dose_gpt | C1: Thickener_Overflow_Turbidity_NTU | D1: Thickener_Underflow_Solids_pct | E1: Thickener_Bed_Level_pct | F1: Thickener_Rake_Torque_pct | G1: Filter_Vacuum_kPa | H1: Filter_Cycle_Time_min | I1: Filter_Cloth_Condition_pct | J1: Filter_Feed_Solids_pct | K1: Filter_Cake_Moisture_pct | L1: Filterate_Turbidity_NTU | M1: Feed_Dry_tph | N1: Concentrate_Dry_tph | O1: Tailings_Dry_tph | P1: Concentrate_Fe_pct | Q1: Concentrate_SiO2_pct | R1: Tailings_Fe_pct | S1: Tailings_SiO2_pct | T1: Mass_Yield_pct | U1: Fe_Recovery_pct | V1: Tailings_Fe_Recovery_pct | W1: Rec_Check_pct | X1: Mass_Balance_Error_pct | Y1: Fe_Balance_Error_pct | Z1: Quality_Flag
A2: 1 | B2: 20.3 | C2: 142.7 | D2: 59.6 | E2: 44.9 | F2: 21.1 | G2: 74.7 | H2: 5.6 | I2: 95.8 | J2: 58.4 | K2: 10.2 | L2: 91.7 | M2: =Process_Data!F2*Process_Data!G2/100 | N2: 96.1 | O2: 109.4 | P2: 66.29 | Q2: 5.52 | R2: 12.73 | S2: 60.62 | T2: =N2/M2*100 | U2: =N2*P2/(M2*Process_Data!I2)*100 | V2: =O2*R2/(M2*Process_Data!I2)*100 | W2: =U2+V2 | X2: =(M2-(N2+O2))/M2*100 | Y2: =(M2*Process_Data!I2-(N2*P2+O2*R2))/(M2*Process_Data!I2)*100 | Z2: OK
A3: 2 | B3: 21.6 | C3: 70.4 | D3: 62.9 | E3: 45.6 | F3: 25.3 | G3: 76.2 | H3: 4.6 | I3: 89.8 | J3: 61.4 | K3: 10.4 | L3: 74.3 | M3: =Process_Data!F3*Process_Data!G3/100 | N3: 102.7 | O3: 97.5 | P3: 65.16 | Q3: 4.61 | R3: 10.59 | S3: 62.28 | T3: =N3/M3*100 | U3: =N3*P3/(M3*Process_Data!I3)*100 | V3: =O3*R3/(M3*Process_Data!I3)*100 | W3: =U3+V3 | X3: =(M3-(N3+O3))/M3*100 | Y3: =(M3*Process_Data!I3-(N3*P3+O3*R3))/(M3*Process_Data!I3)*100 | Z3: OK
A4: 3 | B4: 20.3 | C4: 120.9 | D4: 59.9 | E4: 42.6 | F4: 27.1 | G4: 79.8 | H4: 5.3 | I4: 90.6 | J4: 59.1 | K4: 8.9 | L4: 55.9 | M4: =Process_Data!F4*Process_Data!G4/100 | N4: 111.3 | O4: 116.4 | P4: 64.82 | Q4: 6.08 | R4: 12.33 | S4: 64.43 | T4: =N4/M4*100 | U4: =N4*P4/(M4*Process_Data!I4)*100 | V4: =O4*R4/(M4*Process_Data!I4)*100 | W4: =U4+V4 | X4: =(M4-(N4+O4))/M4*100 | Y4: =(M4*Process_Data!I4-(N4*P4+O4*R4))/(M4*Process_Data!I4)*100 | Z4: OK
A5: 4 | B5: 24.1 | C5: 103.4 | D5: 59.3 | E5: 36.8 | F5: 21.4 | G5: 77.7 | H5: 5.1 | I5: 93.9 | J5: 57.6 | K5: 9.5 | L5: 93.4 | M5: =Process_Data!F5*Process_Data!G5/100 | N5: 106.3 | O5: 100 | P5: 66.42 | Q5: 4.93 | R5: 11.24 | S5: 62.11 | T5: =N5/M5*100 | U5: =N5*P5/(M5*Process_Data!I5)*100 | V5: =O5*R5/(M5*Process_Data!I5)*100 | W5: =U5+V5 | X5: =(M5-(N5+O5))/M5*100 | Y5: =(M5*Process_Data!I5-(N5*P5+O5*R5))/(M5*Process_Data!I5)*100 | Z5: OK
A6: 5 | B6: 21.9 | C6: 128.3 | D6: 60.2 | E6: 44.5 | F6: 24.3 | G6: 80.5 | H6: 4.7 | I6: 91.2 | J6: 59 | K6: 9.1 | L6: 42.2 | M6: =Process_Data!F6*Process_Data!G6/100 | N6: 107.9 | O6: 107.6 | P6: 65.68 | Q6: 5.65 | R6: 9.56 | S6: 63.58 | T6: =N6/M6*100 | U6: =N6*P6/(M6*Process_Data!I6)*100 | V6: =O6*R6/(M6*Process_Data!I6)*100 | W6: =U6+V6 | X6: =(M6-(N6+O6))/M6*100 | Y6: =(M6*Process_Data!I6-(N6*P6+O6*R6))/(M6*Process_Data!I6)*100 | Z6: OK
A7: 6 | B7: 24.4 | C7: 112.4 | D7: 59.5 | E7: 36.4 | F7: 27 | G7: 76.1 | H7: 5.8 | I7: 91.4 | J7: 57.8 | K7: 10.1 | L7: 89.3 | M7: =Process_Data!F7*Process_Data!G7/100 | N7: 100.4 | O7: 100.7 | P7: 66.27 | Q7: 5.83 | R7: 11.75 | S7: 60.59 | T7: =N7/M7*100 | U7: =N7*P7/(M7*Process_Data!I7)*100 | V7: =O7*R7/(M7*Process_Data!I7)*100 | W7: =U7+V7 | X7: =(M7-(N7+O7))/M7*100 | Y7: =(M7*Process_Data!I7-(N7*P7+O7*R7))/(M7*Process_Data!I7)*100 | Z7: OK
A8: 7 | B8: 22.6 | C8: 129.7 | D8: 61.9 | E8: 47.7 | F8: 24.6 | G8: 76.3 | H8: 4.7 | I8: 90.9 | J8: 60.7 | K8: 9.2 | L8: 93.5 | M8: =Process_Data!F8*Process_Data!G8/100 | N8: 98.5 | O8: 103 | P8: 65.29 | Q8: 6.02 | R8: 11.71 | S8: 65.56 | T8: =N8/M8*100 | U8: =N8*P8/(M8*Process_Data!I8)*100 | V8: =O8*R8/(M8*Process_Data!I8)*100 | W8: =U8+V8 | X8: =(M8-(N8+O8))/M8*100 | Y8: =(M8*Process_Data!I8-(N8*P8+O8*R8))/(M8*Process_Data!I8)*100 | Z8: OK
A9: 8 | B9: 27.4 | C9: 104.3 | D9: 63.8 | E9: 49.5 | F9: 26.5 | G9: 80.7 | H9: 5.3 | I9: 91.2 | J9: 62.9 | K9: 9.1 | L9: 70.6 | M9: =Process_Data!F9*Process_Data!G9/100 | N9: 106.4 | O9: 96 | P9: 66.37 | Q9: 5.68 | R9: 11.5 | S9: 60.68 | T9: =N9/M9*100 | U9: =N9*P9/(M9*Process_Data!I9)*100 | V9: =O9*R9/(M9*Process_Data!I9)*100 | W9: =U9+V9 | X9: =(M9-(N9+O9))/M9*100 | Y9: =(M9*Process_Data!I9-(N9*P9+O9*R9))/(M9*Process_Data!I9)*100 | Z9: OK
A10: 9 | B10: 24.1 | C10: 110.1 | D10: 62.8 | E10: 44.7 | F10: 25 | G10: 76 | H10: 6.3 | I10: 91.6 | J10: 61.3 | K10: 9 | L10: 71.8 | M10: =Process_Data!F10*Process_Data!G10/100 | N10: 108.7 | O10: 86.1 | P10: 64.57 | Q10: 5.29 | R10: 11.4 | S10: 62.01 | T10: =N10/M10*100 | U10: =N10*P10/(M10*Process_Data!I10)*100 | V10: =O10*R10/(M10*Process_Data!I10)*100 | W10: =U10+V10 | X10: =(M10-(N10+O10))/M10*100 | Y10: =(M10*Process_Data!I10-(N10*P10+O10*R10))/(M10*Process_Data!I10)*100 | Z10: OK
A11: 10 | B11: 25.1 | C11: 128.1 | D11: 63.9 | E11: 42.7 | F11: 21.2 | G11: 77 | H11: 5 | I11: 89.5 | J11: 62.3 | K11: 8.8 | L11: 92.9 | M11: =Process_Data!F11*Process_Data!G11/100 | N11: 100.2 | O11: 97.5 | P11: 66.17 | Q11: 5.68 | R11: 10.93 | S11: 61.21 | T11: =N11/M11*100 | U11: =N11*P11/(M11*Process_Data!I11)*100 | V11: =O11*R11/(M11*Process_Data!I11)*100 | W11: =U11+V11 | X11: =(M11-(N11+O11))/M11*100 | Y11: =(M11*Process_Data!I11-(N11*P11+O11*R11))/(M11*Process_Data!I11)*100 | Z11: OK
A12: 11 | B12: 20.1 | C12: 79.3 | D12: 58.3 | E12: 35.6 | F12: 26.6 | G12: 73.9 | H12: 5.4 | I12: 92.4 | J12: 56.9 | K12: 9.7 | L12: 49.5 | M12: =Process_Data!F12*Process_Data!G12/100 | N12: 115.6 | O12: 102.7 | P12: 65.37 | Q12: 5.18 | R12: 11.66 | S12: 64.45 | T12: =N12/M12*100 | U12: =N12*P12/(M12*Process_Data!I12)*100 | V12: =O12*R12/(M12*Process_Data!I12)*100 | W12: =U12+V12 | X12: =(M12-(N12+O12))/M12*100 | Y12: =(M12*Process_Data!I12-(N12*P12+O12*R12))/(M12*Process_Data!I12)*100 | Z12: OK
A13: 12 | B13: 25.1 | C13: 106.7 | D13: 61.3 | E13: 49.1 | F13: 21.9 | G13: 74.8 | H13: 6.3 | I13: 89.5 | J13: 59.5 | K13: 9 | L13: 41 | M13: =Process_Data!F13*Process_Data!G13/100 | N13: 123.1 | O13: 93.2 | P13: 64.69 | Q13: 5.66 | R13: 9.75 | S13: 62.23 | T13: =N13/M13*100 | U13: =N13*P13/(M13*Process_Data!I13)*100 | V13: =O13*R13/(M13*Process_Data!I13)*100 | W13: =U13+V13 | X13: =(M13-(N13+O13))/M13*100 | Y13: =(M13*Process_Data!I13-(N13*P13+O13*R13))/(M13*Process_Data!I13)*100 | Z13: OK
... A74: 73 | B74: 25.7 | C74: 248.8 | D74: 52.6 | E74: 50.2 | F74: 32.5 | G74: 73 | H74: 5.8 | I74: 82.8 | J74: 51.1 | K74: 12.2 | L74: 118.3 | M74: =Process_Data!F74*Process_Data!G74/100 | N74: 105 | O74: 109.6 | P74: 64.16 | Q74: 7.77 | R74: 15.57 | S74: 60.06 | T74: =N74/M74*100 | U74: =N74*P74/(M74*Process_Data!I74)*100 | V74: =O74*R74/(M74*Process_Data!I74)*100 | W74: =U74+V74 | X74: =(M74-(N74+O74))/M74*100 | Y74: =(M74*Process_Data!I74-(N74*P74+O74*R74))/(M74*Process_Data!I74)*100 | Z74: Slimes_High

Sheet Calculations
A1: شاخص | B1: رابطه | C1: فرمول Excel | D1: توضیح فارسی
A2: بازده جرمی کنسانتره (Mass Yield) | B2: Y_c = (C / F_dry) × 100 | C2: Dewatering_Balance!N2/(Process_Data!F2*Process_Data!G2/100)*100 | D2: درصد جرمی خوراک خشک ورودی که به کنسانتره تبدیل شده است. مبنای توناژ خشک است.
A3: بازیابی آهن کنسانتره (Fe Recovery) | B3: R_Fe = (C × f_c) / (F_dry × f_f) × 100 | C3: (Dewatering_Balance!N2*Dewatering_Balance!P2)/((Process_Data!F2*Process_Data!G2/100)*Process_Data!I2)*100 | D3: درصد کل آهن موجود در خوراک که در محصول نهایی جذب شده است؛ شاخص اصلی متالورژیکی.
A4: بازیابی آهن باطله (Tailings Fe Recovery) | B4: R_Fe,t = (T × f_t) / (F_dry × f_f) × 100 | C4: (Dewatering_Balance!O2*Dewatering_Balance!R2)/((Process_Data!F2*Process_Data!G2/100)*Process_Data!I2)*100 | D4: درصد آهن تلف‌شده در جریان باطله؛ در شرایط نرمال باید حداقل نگه داشته شود.
A5: کنترل جمع بازیابی‌ها (Recovery Sum Check) | B5: Sum_Rec = R_Fe + R_Fe,t ≈ 100% | C5: U2+V2 | D5: کنترل منطقی سازگاری؛ انحراف معنادار از 100 نشانه خطای نمونه‌برداری، آنالیز یا اندازه‌گیری است.
A6: خطای موازنه جرمی (Mass Balance Error) | B6: Err_Mass = (F_dry - (C + T)) / F_dry × 100 | C6: ((Process_Data!F2*Process_Data!G2/100)-(Dewatering_Balance!N2+Dewatering_Balance!O2))/(Process_Data!F2*Process_Data!G2/100)*100 | D6: درصد اختلاف بین جریان خشک ورودی و مجموع خروجی‌ها؛ در شرایط پایدار معمولاً زیر ۱.۵٪ است.
A7: خطای موازنه آهن (Fe Balance Error) | B7: Err_Fe = (F_dry×f_f - (C×f_c + T×f_t)) / (F_dry×f_f) × 100 | C7: ((Process_Data!F2*Process_Data!G2/100)*Process_Data!I2-(Dewatering_Balance!N2*Dewatering_Balance!P2+Dewatering_Balance!O2*Dewatering_Balance!R2))/((Process_Data!F2*Process_Data!G2/100)*Process_Data!I2)*100 | D7: سازگاری عیارها و جریان‌ها؛ ابزار داده‌محور QC برای اعتبارسنجی ارقام پیش از تصمیم‌گیری فرآیندی.

Sheet SPC_Sample
A1: Record_ID | B1: DateTime | C1: Filter_Cake_Moisture_pct | D1: Thickener_Overflow_Turbidity_NTU | E1: Tailings_Fe_pct
A2: 1 | B2: 2026-09-01 00:00 | C2: 10.2 | D2: 142.7 | E2: 12.73
A3: 3 | B3: 2026-09-01 04:00 | C3: 8.9 | D3: 120.9 | E3: 12.33
A4: 5 | B4: 2026-09-01 08:00 | C4: 9.1 | D4: 128.3 | E4: 9.56
A5: 7 | B5: 2026-09-01 12:00 | C5: 9.2 | D5: 129.7 | E5: 11.71
A6: 9 | B6: 2026-09-01 16:00 | C6: 9 | D6: 110.1 | E6: 11.4
A7: 11 | B7: 2026-09-01 20:00 | C7: 9.7 | D7: 79.3 | E7: 11.66
A8: 12 | B8: 2026-09-01 22:00 | C8: 9 | D8: 106.7 | E8: 9.75
A9: 14 | B9: 2026-09-02 02:00 | C9: 9.1 | D9: 77.3 | E9: 9.79
A10: 16 | B10: 2026-09-02 06:00 | C10: 9.6 | D10: 106.4 | E10: 11.12
A11: 18 | B11: 2026-09-02 10:00 | C11: 9.7 | D11: 88.3 | E11: 12.57
A12: 20 | B12: 2026-09-02 14:00 | C12: 8.9 | D12: 84.2 | E12: 12.56
A13: 22 | B13: 2026-09-02 18:00 | C13: 9.1 | D13: 118.5 | E13: 10.94
... A31: 56 | B31: 2026-09-05 14:00 | C31: 9.5 | D31: 143.6 | E31: 12.27

Sheet Dashboard_Data
A1: Date | B1: Shift | C1: Feed_Fe_avg | D1: Conc_Fe_avg | E1: Conc_SiO2_avg | F1: Fe_Rec_avg | G1: Cake_Moist_avg | H1: Ovf_Turb_avg | I1: Slimes_avg | J1: Flocc_avg | K1: MBErr_avg

Sheet Minitab_Import
A1: Feed_Solids_pct | B1: Feed_Fe_pct | C1: Feed_Slimes_pct | D1: Liberation_pct | E1: LIMS_Field_mT | F1: LIMS_Drum_Speed_rpm | G1: WHIMS_Field_T | H1: Matrix_Condition_pct | I1: Flotation_pH | J1: Amine_Dose_gpt | K1: Starch_Dose_gpt | L1: Flocculant_Dose_gpt | M1: Overflow_Turbidity_NTU | N1: Underflow_Solids_pct | O1: Filter_Vacuum_kPa | P1: Filter_Feed_Solids_pct | Q1: Cake_Moisture_pct | R1: Conc_Fe_pct | S1: Conc_SiO2_pct | T1: Tail_Fe_pct | U1: Mass_Yield_pct | V1: Fe_Recovery_pct
